mean_PRI,PRI_variance,PRI_pattern,mean_frequency,frequency_variance,mean_pulse_width,duty_cycle,radar_name
1791,110,staggered,5356,57,4.68,0.00261,maritime_radar
1143,41,staggered,1434,36,3.77,0.0033,air_traffic_control
1718,206,staggered,2873,51,5.73,0.00333,search_radar
842,5,staggered,9897,16,1.2,0.00143,tracking_radar
1588,195,staggered,3311,44,3.92,0.00247,search_radar
1409,120,jittered,5775,40,4.99,0.00354,maritime_radar
301,31,staggered,8418,29,0.56,0.00186,fire_control_radar
981,64,jittered,1329,36,3.97,0.00404,air_traffic_control
649,16,jittered,7895,10,1.39,0.00214,tracking_radar
846,49,constant,1398,32,3.14,0.00371,air_traffic_control
1082,82,staggered,1070,44,2.5,0.00232,air_traffic_control
1769,140,staggered,3098,51,5.23,0.00295,search_radar
2142,141,constant,3084,59,6.09,0.00284,search_radar
832,85,jittered,1195,54,3.28,0.00394,air_traffic_control
192,25,constant,8724,35,0.94,0.0049,fire_control_radar
1402,117,constant,3539,52,3.63,0.00259,search_radar
1117,11,jittered,8034,23,1.29,0.00115,tracking_radar
4331,330,jittered,2874,131,10.49,0.00242,weather_radar
700,95,staggered,1243,62,3.14,0.00448,air_traffic_control
612,9,staggered,8304,17,1.61,0.00262,tracking_radar
445,15,staggered,8264,30,1.06,0.00238,fire_control_radar
4294,433,constant,2968,83,7.3,0.0017,weather_radar
4783,311,jittered,3088,122,8.07,0.00169,weather_radar
370,22,jittered,8711,36,0.72,0.00196,fire_control_radar
1418,168,jittered,2931,54,5.67,0.004,search_radar
538,25,staggered,9476,40,1.11,0.00207,fire_control_radar
4673,273,constant,2965,95,5.04,0.00108,weather_radar
800,13,staggered,7433,35,2.34,0.00292,tracking_radar
370,5,staggered,10220,30,0.4,0.00108,fire_control_radar
553,5,jittered,8632,39,1.5,0.00272,tracking_radar
502,19,staggered,9297,22,0.74,0.00148,fire_control_radar
1219,94,staggered,800,39,3.29,0.0027,air_traffic_control
5147,320,jittered,2990,73,9.19,0.00179,weather_radar
5063,433,staggered,2838,84,9.33,0.00184,weather_radar
474,21,constant,9972,34,0.77,0.00163,fire_control_radar
887,6,constant,7736,30,1.73,0.00195,tracking_radar
778,22,constant,8276,22,1.66,0.00213,tracking_radar
2110,151,staggered,3514,65,5.19,0.00246,search_radar
408,29,jittered,11099,33,0.76,0.00186,fire_control_radar
5768,314,jittered,3241,123,8.79,0.00152,weather_radar
1161,112,staggered,4784,85,3.43,0.00295,maritime_radar
1818,61,jittered,3473,80,6.46,0.00355,search_radar
1367,125,constant,3596,100,4.8,0.00351,maritime_radar
331,23,jittered,8974,33,0.9,0.00273,fire_control_radar
1257,41,constant,1160,48,3.89,0.00309,air_traffic_control
210,25,staggered,9198,14,0.87,0.00414,fire_control_radar
528,14,constant,9930,33,0.9,0.00171,fire_control_radar
1764,157,jittered,3472,80,4.83,0.00274,search_radar
1684,204,constant,2867,70,3.5,0.00208,search_radar
269,35,jittered,9825,28,1.06,0.00393,fire_control_radar
3644,303,staggered,3000,118,7.61,0.00209,weather_radar
1195,89,staggered,5191,71,5.25,0.00439,maritime_radar
346,32,staggered,7812,28,1.33,0.00385,fire_control_radar
2142,107,constant,3837,45,6.15,0.00287,search_radar
1798,145,staggered,4881,70,5.36,0.00298,maritime_radar
408,23,jittered,9402,25,0.8,0.00196,fire_control_radar
709,72,constant,1286,51,3.41,0.00481,air_traffic_control
1278,74,jittered,5314,50,5.78,0.00452,maritime_radar
1579,133,constant,5851,72,5.21,0.0033,maritime_radar
443,29,jittered,8706,17,1.26,0.00285,fire_control_radar
334,31,constant,10281,28,1.19,0.00355,fire_control_radar
1644,184,staggered,3054,70,5.4,0.00329,search_radar
240,25,staggered,9863,27,1.15,0.00479,fire_control_radar
1551,183,jittered,3280,57,5.35,0.00345,search_radar
1401,129,jittered,3340,74,3.88,0.00277,search_radar
874,105,constant,1292,33,3.77,0.00431,air_traffic_control
1851,128,jittered,3782,34,8.09,0.00437,search_radar
910,13,staggered,9102,28,1.8,0.00198,tracking_radar
858,13,staggered,8930,18,1.32,0.00154,tracking_radar
912,19,staggered,7971,38,1.5,0.00164,tracking_radar
574,19,constant,9002,26,1.59,0.00278,tracking_radar
1315,212,constant,3604,78,5.12,0.0039,search_radar
1803,89,constant,4948,76,4.18,0.00232,maritime_radar
1595,106,staggered,3225,81,5.77,0.00362,search_radar
1545,217,staggered,3152,45,6.11,0.00395,search_radar
1063,6,staggered,7886,10,1.83,0.00173,tracking_radar
2063,180,staggered,3448,66,5.86,0.00284,search_radar
2216,179,jittered,2678,58,6.98,0.00315,search_radar
700,91,jittered,800,63,2.73,0.0039,air_traffic_control
1024,98,constant,1119,51,2.97,0.0029,air_traffic_control
1512,131,constant,6155,67,4.47,0.00296,maritime_radar
474,17,staggered,9095,43,0.97,0.00206,fire_control_radar
1192,40,jittered,1069,37,3.2,0.00268,air_traffic_control
1634,144,jittered,2984,70,6.48,0.00396,search_radar
894,10,staggered,8696,37,1.47,0.00164,tracking_radar
1000,147,jittered,5044,64,4.72,0.00472,maritime_radar
1637,60,jittered,5321,68,4.45,0.00272,maritime_radar
1911,155,jittered,2281,76,6.0,0.00314,search_radar
1000,166,constant,5678,84,4.69,0.00469,maritime_radar
5281,400,jittered,2539,93,7.29,0.00138,weather_radar
866,9,jittered,9798,15,1.7,0.00196,tracking_radar
432,20,constant,8408,29,1.86,0.00431,tracking_radar
234,11,jittered,9678,44,0.73,0.00311,fire_control_radar
354,11,staggered,10809,41,0.76,0.00216,fire_control_radar
1452,110,jittered,5055,58,5.11,0.00352,maritime_radar
4358,311,jittered,3422,93,7.65,0.00175,weather_radar
874,11,constant,8120,18,1.54,0.00177,tracking_radar
1024,99,constant,1095,61,2.9,0.00283,air_traffic_control
335,22,constant,9938,24,0.87,0.0026,fire_control_radar
1608,170,jittered,2500,49,4.7,0.00292,search_radar
415,10,jittered,9605,10,1.12,0.00269,tracking_radar
1525,101,constant,3245,43,4.34,0.00284,search_radar
4914,376,constant,3500,134,7.26,0.00148,weather_radar
1565,112,staggered,3227,46,6.41,0.0041,search_radar
870,82,jittered,886,48,4.0,0.0046,air_traffic_control
4682,350,constant,2855,110,8.11,0.00173,weather_radar
1659,129,staggered,3500,74,4.52,0.00272,maritime_radar
1005,105,constant,1463,43,2.77,0.00276,air_traffic_control
1323,104,staggered,6239,74,4.09,0.00309,maritime_radar
922,100,jittered,1235,46,2.67,0.0029,air_traffic_control
361,12,jittered,9114,29,1.61,0.00447,fire_control_radar
883,52,constant,932,52,2.36,0.00268,air_traffic_control
1735,140,constant,3208,101,5.94,0.00342,search_radar
772,98,constant,1115,47,3.0,0.00388,air_traffic_control
5625,303,staggered,2860,60,7.32,0.0013,weather_radar
1912,137,staggered,4434,81,4.97,0.0026,maritime_radar
254,23,constant,9515,39,0.58,0.00227,fire_control_radar
1849,116,jittered,2654,77,5.74,0.0031,search_radar
4759,387,jittered,3139,60,9.15,0.00192,weather_radar
2028,167,jittered,2846,56,7.29,0.00359,search_radar
686,14,staggered,8997,26,0.88,0.00129,tracking_radar
797,91,constant,1040,51,2.71,0.0034,air_traffic_control
1611,176,constant,5143,52,4.95,0.00307,maritime_radar
1673,127,staggered,5670,62,4.56,0.00272,maritime_radar
1018,20,jittered,7984,13,1.23,0.00121,tracking_radar
1175,152,constant,5420,54,4.39,0.00373,maritime_radar
391,35,constant,8722,21,0.61,0.00155,fire_control_radar
2060,158,jittered,2683,95,5.5,0.00267,search_radar
4826,491,constant,3133,74,8.29,0.00172,weather_radar
5035,183,jittered,3059,109,8.68,0.00172,weather_radar
338,22,constant,9114,21,0.99,0.00292,fire_control_radar
1426,63,jittered,5035,90,3.75,0.00263,maritime_radar
515,24,constant,9013,12,1.1,0.00214,fire_control_radar
461,39,jittered,8934,36,0.9,0.00196,fire_control_radar
1244,131,constant,4709,54,3.78,0.00304,maritime_radar
4781,146,constant,3406,110,7.25,0.00152,weather_radar
5124,461,staggered,2783,122,9.34,0.00182,weather_radar
400,19,constant,8071,21,1.35,0.00339,tracking_radar
741,11,staggered,9107,35,0.88,0.00119,tracking_radar
998,94,staggered,855,37,3.32,0.00332,air_traffic_control
1563,130,jittered,5152,70,4.12,0.00263,maritime_radar
4453,297,jittered,3500,87,9.86,0.00221,weather_radar
151,44,staggered,9585,39,0.98,0.00648,fire_control_radar
4627,373,jittered,2988,84,9.2,0.00199,weather_radar
4046,453,constant,3062,95,7.62,0.00188,weather_radar
882,18,constant,8389,12,1.65,0.00187,tracking_radar
3625,378,jittered,2926,106,9.46,0.00261,weather_radar
4549,274,constant,2941,128,9.99,0.0022,weather_radar
744,11,constant,8113,26,1.18,0.00159,tracking_radar
926,13,jittered,8055,36,2.27,0.00246,tracking_radar
2000,146,staggered,5593,62,4.86,0.00243,maritime_radar
463,19,constant,10872,23,0.56,0.00122,fire_control_radar
5197,218,staggered,3294,104,10.24,0.00197,weather_radar
388,10,constant,9549,35,0.65,0.00168,fire_control_radar
1032,56,constant,1144,37,2.76,0.00267,air_traffic_control
567,17,jittered,9765,32,0.8,0.00141,tracking_radar
342,26,jittered,9276,30,0.81,0.00237,fire_control_radar
511,15,constant,7683,46,0.83,0.00162,fire_control_radar
1277,128,staggered,4260,86,5.01,0.00392,maritime_radar
325,37,staggered,9729,25,1.22,0.00376,fire_control_radar
1711,134,staggered,4537,69,4.71,0.00275,maritime_radar
1084,85,staggered,1145,37,3.53,0.00326,air_traffic_control
1445,70,jittered,4559,80,5.43,0.00376,maritime_radar
331,16,jittered,10079,11,1.52,0.00459,fire_control_radar
247,23,constant,9605,27,0.42,0.0017,fire_control_radar
704,71,staggered,1193,45,3.16,0.00449,air_traffic_control
1846,82,jittered,3266,51,5.1,0.00276,search_radar
804,55,constant,924,48,3.12,0.00388,air_traffic_control
1067,40,staggered,1116,32,3.37,0.00316,air_traffic_control
2049,109,constant,3393,36,4.35,0.00212,search_radar
4504,430,staggered,3258,109,9.36,0.00208,weather_radar
927,78,constant,1401,24,2.23,0.00241,air_traffic_control
648,13,jittered,10563,41,1.44,0.00222,fire_control_radar
325,25,jittered,8906,41,1.15,0.00355,fire_control_radar
1623,185,staggered,3553,85,4.42,0.00272,search_radar
562,24,staggered,8906,12,2.07,0.00367,tracking_radar
2198,135,constant,3425,76,5.72,0.0026,search_radar
1533,100,jittered,5009,61,4.82,0.00314,maritime_radar
2328,125,constant,3042,71,7.36,0.00316,search_radar
3408,445,constant,2904,148,9.8,0.00288,weather_radar
4507,384,staggered,2950,105,6.0,0.00133,weather_radar
1071,82,jittered,1259,40,2.55,0.00238,air_traffic_control
358,13,jittered,8295,37,1.44,0.00401,fire_control_radar
1329,103,constant,5612,57,5.5,0.00414,maritime_radar
247,26,staggered,10890,25,0.43,0.00172,fire_control_radar
768,89,jittered,1450,57,2.78,0.00362,air_traffic_control
426,11,constant,7000,10,2.27,0.00534,tracking_radar
1053,87,constant,1631,51,3.36,0.00319,air_traffic_control
1022,8,constant,9019,31,1.48,0.00144,tracking_radar
417,17,jittered,8780,28,1.38,0.00331,tracking_radar
1500,66,constant,1353,33,3.47,0.00231,air_traffic_control
4770,144,jittered,3355,135,10.88,0.00228,weather_radar
2035,50,constant,2593,48,6.27,0.00308,search_radar
949,70,jittered,1210,43,3.13,0.0033,air_traffic_control
620,8,jittered,7429,15,1.41,0.00228,tracking_radar
2218,191,staggered,3015,79,6.0,0.00271,search_radar
1735,233,staggered,3456,38,6.49,0.00374,search_radar
707,88,jittered,1240,23,2.7,0.00382,air_traffic_control
839,60,constant,1324,40,3.0,0.00358,air_traffic_control
173,20,staggered,10759,13,0.69,0.00397,fire_control_radar
1206,83,staggered,1323,31,2.78,0.0023,air_traffic_control
954,70,staggered,884,43,2.45,0.00257,air_traffic_control
5350,417,staggered,2500,132,7.91,0.00148,weather_radar
863,81,jittered,1370,36,3.38,0.00392,air_traffic_control
1013,75,jittered,1425,50,2.81,0.00277,air_traffic_control
471,5,constant,10049,23,1.11,0.00236,fire_control_radar
5421,430,constant,2771,60,10.38,0.00191,weather_radar
5210,190,staggered,2777,106,10.4,0.002,weather_radar
3489,382,jittered,2845,101,9.47,0.00271,weather_radar
1422,152,constant,4490,68,3.31,0.00233,maritime_radar
1881,112,constant,4630,64,5.03,0.00267,maritime_radar
4738,176,staggered,3005,118,8.03,0.0017,weather_radar
865,11,jittered,9244,10,0.8,0.00092,tracking_radar
872,67,staggered,1171,39,3.57,0.00409,air_traffic_control
1066,76,constant,1255,41,3.07,0.00288,air_traffic_control
499,9,staggered,11000,24,0.4,0.0008,fire_control_radar
4827,409,constant,3041,141,11.0,0.00228,weather_radar
410,14,staggered,9801,35,1.46,0.00355,fire_control_radar
4883,394,staggered,2929,81,10.26,0.0021,weather_radar
511,11,staggered,8583,18,0.95,0.00186,tracking_radar
1427,135,constant,4133,78,5.47,0.00383,maritime_radar
894,79,jittered,1255,60,3.96,0.00443,air_traffic_control
1514,109,constant,4577,98,5.04,0.00333,maritime_radar
1166,40,constant,1120,43,3.48,0.00299,air_traffic_control
275,22,constant,9229,23,0.99,0.00361,fire_control_radar
989,5,constant,7494,12,2.21,0.00224,tracking_radar
3172,461,constant,2710,120,9.49,0.00299,weather_radar
1600,175,staggered,2667,45,7.0,0.00437,search_radar
283,23,constant,9255,31,0.87,0.00308,fire_control_radar
4104,341,constant,3477,127,10.21,0.00249,weather_radar
350,19,jittered,9476,43,0.4,0.00114,fire_control_radar
2500,200,jittered,2530,63,6.29,0.00252,search_radar
1203,111,constant,5420,86,2.92,0.00243,maritime_radar
4190,268,jittered,3192,119,9.72,0.00232,weather_radar
825,77,constant,993,28,3.38,0.0041,air_traffic_control
302,12,staggered,7474,19,1.29,0.00426,fire_control_radar
1030,69,jittered,1109,48,2.75,0.00267,air_traffic_control
976,16,staggered,8013,26,1.69,0.00173,tracking_radar
1476,111,staggered,5605,47,5.33,0.00361,maritime_radar
1035,72,jittered,1480,21,3.34,0.00322,air_traffic_control
381,5,constant,10729,32,0.33,0.00086,fire_control_radar
527,5,jittered,8344,13,1.95,0.00371,tracking_radar
1332,159,constant,3508,58,7.08,0.00532,search_radar
957,56,jittered,1010,42,3.3,0.00344,air_traffic_control
1882,168,jittered,2511,35,6.68,0.00355,search_radar
400,24,constant,8831,27,1.15,0.00287,tracking_radar
3579,466,staggered,2960,122,8.4,0.00235,weather_radar
962,49,staggered,1366,27,2.31,0.0024,air_traffic_control
1464,217,constant,2642,91,5.39,0.00368,search_radar
1804,125,jittered,3547,43,6.03,0.00334,search_radar
3965,327,constant,2944,92,9.6,0.00242,weather_radar
388,30,jittered,9172,40,0.91,0.00236,fire_control_radar
271,20,constant,10068,29,0.59,0.00219,fire_control_radar
1487,97,staggered,3212,48,5.23,0.00352,search_radar
1308,53,jittered,1044,44,2.8,0.00214,air_traffic_control
1115,143,staggered,5530,66,3.59,0.00322,maritime_radar
395,5,jittered,8549,22,0.92,0.00233,fire_control_radar
812,7,constant,9473,34,1.45,0.00179,tracking_radar
343,17,constant,9008,34,0.73,0.00213,fire_control_radar
1645,151,staggered,4952,55,4.4,0.00267,maritime_radar
669,6,constant,7749,25,1.54,0.0023,tracking_radar
329,21,jittered,10056,31,1.29,0.00392,fire_control_radar
1000,90,constant,5927,53,4.19,0.00419,maritime_radar
5242,356,staggered,3224,87,8.62,0.00164,weather_radar
5000,172,jittered,2500,101,8.31,0.00166,weather_radar
4140,326,jittered,2875,101,9.29,0.00224,weather_radar
764,15,staggered,7594,19,2.0,0.00262,tracking_radar
891,16,jittered,7942,36,1.84,0.00207,tracking_radar
930,67,constant,1486,27,4.0,0.0043,air_traffic_control
594,21,constant,9239,17,1.74,0.00293,tracking_radar
850,24,staggered,8574,17,2.28,0.00268,tracking_radar
4923,443,constant,2993,91,11.0,0.00223,weather_radar
4282,447,jittered,2500,139,8.47,0.00198,weather_radar
691,44,constant,1248,43,3.33,0.00481,air_traffic_control
271,25,jittered,10791,20,1.04,0.00385,fire_control_radar
1298,105,staggered,3428,49,4.8,0.0037,search_radar
1933,212,staggered,3489,83,5.88,0.00304,search_radar
454,25,staggered,8371,29,0.96,0.00212,fire_control_radar
800,13,jittered,9826,17,1.75,0.00219,tracking_radar
1592,129,constant,3230,55,6.49,0.00408,search_radar
1349,119,staggered,5735,40,3.46,0.00256,maritime_radar
799,79,staggered,1207,27,3.28,0.0041,air_traffic_control
1693,90,constant,3137,68,5.52,0.00326,search_radar
1114,73,staggered,1260,36,3.21,0.00288,air_traffic_control
4455,406,constant,3291,112,8.74,0.00196,weather_radar
1208,103,staggered,4915,94,4.53,0.00375,maritime_radar
5452,200,jittered,3058,91,7.58,0.00139,weather_radar
1036,69,staggered,1280,41,3.04,0.00294,air_traffic_control
5135,500,constant,2785,113,10.63,0.00207,weather_radar
1635,121,constant,4881,40,4.75,0.00291,maritime_radar
398,12,constant,8959,34,1.56,0.00393,tracking_radar
1514,157,staggered,4426,81,4.31,0.00285,maritime_radar
656,13,jittered,8809,35,0.91,0.00139,tracking_radar
1785,92,constant,5140,60,4.51,0.00253,maritime_radar
1888,228,constant,3437,41,4.92,0.0026,search_radar
3743,334,staggered,2823,128,5.87,0.00157,weather_radar
620,8,constant,8937,10,0.88,0.00143,tracking_radar
1902,106,constant,5821,66,3.94,0.00207,maritime_radar
1285,67,jittered,1178,23,3.42,0.00266,air_traffic_control
1053,126,jittered,5501,54,4.72,0.00448,maritime_radar
1171,45,constant,1104,56,3.59,0.00307,air_traffic_control
1089,109,staggered,1495,25,3.47,0.00318,air_traffic_control
547,16,constant,9870,10,1.03,0.00188,fire_control_radar
1129,82,jittered,5630,77,4.35,0.00385,maritime_radar
4315,312,constant,3329,114,7.4,0.00171,weather_radar
833,73,constant,1222,48,3.26,0.00392,air_traffic_control
1155,75,jittered,1329,48,3.43,0.00297,air_traffic_control
2004,155,constant,3135,74,4.72,0.00236,search_radar
2102,104,constant,2500,79,6.08,0.00289,search_radar
948,83,jittered,816,52,2.85,0.00301,air_traffic_control
323,14,jittered,9926,41,0.93,0.00288,fire_control_radar
2008,192,constant,2969,82,6.12,0.00305,search_radar
813,6,constant,9160,10,1.43,0.00175,tracking_radar
1389,106,staggered,4848,73,3.05,0.00219,maritime_radar
298,13,jittered,9084,20,0.49,0.00163,fire_control_radar
508,19,staggered,7980,15,2.5,0.00492,tracking_radar
4100,195,staggered,3372,82,6.0,0.00146,weather_radar
1221,70,jittered,4892,52,3.75,0.00307,maritime_radar
6000,100,jittered,2500,122,10.05,0.00168,weather_radar
1446,100,constant,4715,66,4.96,0.00343,maritime_radar
3763,456,constant,2781,108,7.84,0.00208,weather_radar
1652,125,jittered,4929,83,4.89,0.00296,maritime_radar
866,7,constant,8737,10,0.92,0.00106,tracking_radar
612,5,constant,8646,30,0.81,0.00132,tracking_radar
1299,98,constant,4797,52,4.08,0.00314,maritime_radar
660,5,jittered,9933,11,1.42,0.00215,tracking_radar
4946,477,constant,3174,141,6.88,0.00139,weather_radar
410,22,constant,8631,26,0.69,0.00169,fire_control_radar
1047,71,staggered,1687,45,2.82,0.00269,air_traffic_control
312,36,staggered,8695,15,0.4,0.00128,fire_control_radar
400,14,constant,8065,25,0.8,0.002,tracking_radar
1339,220,staggered,3448,30,4.83,0.00361,search_radar
2328,126,jittered,3146,38,3.72,0.0016,search_radar
279,12,jittered,9925,45,0.72,0.00259,fire_control_radar
1808,153,constant,4727,64,4.54,0.00251,maritime_radar
1037,9,staggered,7551,17,1.28,0.00124,tracking_radar
4788,174,staggered,2807,73,7.98,0.00167,weather_radar
290,16,staggered,9823,10,0.86,0.00296,fire_control_radar
1449,95,jittered,5059,46,5.64,0.00389,maritime_radar
1471,225,staggered,3026,78,4.48,0.00304,search_radar
1364,108,jittered,6150,78,3.74,0.00274,maritime_radar
333,27,constant,8975,30,1.07,0.00322,fire_control_radar
700,91,jittered,1447,39,2.15,0.00307,air_traffic_control
5212,364,constant,2783,147,7.36,0.00141,weather_radar
4428,416,constant,3064,88,6.22,0.0014,weather_radar
766,5,staggered,8668,10,1.02,0.00133,tracking_radar
4055,190,jittered,3511,86,7.25,0.00179,weather_radar
665,5,jittered,8390,15,1.02,0.00153,tracking_radar
1388,101,staggered,5503,80,5.55,0.004,maritime_radar
240,23,staggered,10549,24,0.82,0.00343,fire_control_radar
467,25,constant,10627,19,1.25,0.00268,fire_control_radar
376,21,staggered,9000,34,0.87,0.00231,fire_control_radar
1606,162,constant,2666,59,6.57,0.00409,search_radar
278,39,staggered,9456,44,0.85,0.00305,fire_control_radar
688,13,staggered,7674,28,1.45,0.0021,tracking_radar
1621,161,constant,2687,83,6.33,0.00391,search_radar
569,26,staggered,9353,35,1.13,0.00198,fire_control_radar
1252,154,jittered,2836,56,7.04,0.00562,search_radar
5332,310,jittered,3085,116,6.0,0.00113,weather_radar
1420,227,staggered,3390,71,5.55,0.00391,search_radar
1021,11,staggered,6995,18,1.26,0.00124,tracking_radar
256,18,constant,10080,19,0.76,0.00297,fire_control_radar
1596,168,staggered,3225,71,5.28,0.00331,search_radar
883,62,constant,1071,33,2.66,0.00301,air_traffic_control
1546,124,constant,5961,67,3.7,0.00239,maritime_radar
1874,148,staggered,5344,61,4.11,0.00219,maritime_radar
1551,189,constant,2935,75,5.93,0.00383,search_radar
1290,108,constant,872,38,3.22,0.00249,air_traffic_control
4365,248,constant,2888,114,9.73,0.00223,weather_radar
4883,440,staggered,2910,89,8.52,0.00175,weather_radar
651,17,staggered,9049,22,2.44,0.00374,tracking_radar
1192,88,constant,5103,80,4.98,0.00418,maritime_radar
1586,134,constant,5070,76,3.78,0.00238,maritime_radar
613,14,constant,9043,31,1.47,0.00239,tracking_radar
1042,15,staggered,8681,25,1.29,0.00124,tracking_radar
400,16,constant,8593,24,1.3,0.00324,tracking_radar
1800,122,staggered,4778,73,3.37,0.00187,maritime_radar
340,25,staggered,9343,32,1.05,0.0031,fire_control_radar
1043,94,constant,1218,44,2.45,0.00235,air_traffic_control
478,12,constant,8668,29,1.35,0.00282,fire_control_radar
765,48,jittered,1291,22,3.03,0.00396,air_traffic_control
1649,104,staggered,5787,59,5.12,0.00311,maritime_radar
912,11,jittered,9382,27,1.73,0.00189,tracking_radar
826,75,constant,1246,31,3.33,0.00403,air_traffic_control
5812,273,constant,2823,103,8.58,0.00148,weather_radar
1138,95,staggered,923,34,2.93,0.00257,air_traffic_control
2093,191,jittered,2726,56,5.54,0.00265,search_radar
4541,259,jittered,3112,97,6.0,0.00132,weather_radar
1645,206,constant,3379,59,5.61,0.00341,search_radar
871,40,constant,993,43,3.44,0.00395,air_traffic_control
3873,314,jittered,3108,93,11.21,0.00289,weather_radar
433,31,constant,10243,42,0.94,0.00217,fire_control_radar
1372,67,jittered,1385,38,3.22,0.00235,air_traffic_control
316,8,constant,8589,26,1.03,0.00326,fire_control_radar
400,12,constant,8558,23,1.02,0.00255,tracking_radar
1708,114,staggered,5110,71,3.12,0.00182,maritime_radar
447,24,staggered,9573,28,1.17,0.00261,fire_control_radar
726,8,jittered,8687,21,1.59,0.0022,tracking_radar
5372,325,jittered,3225,106,10.63,0.00198,weather_radar
400,6,jittered,7934,10,1.39,0.00346,tracking_radar
597,12,staggered,8193,30,1.46,0.00244,tracking_radar
1810,98,staggered,4429,52,4.18,0.00231,maritime_radar
1966,155,staggered,3294,30,5.71,0.00291,search_radar
1332,106,jittered,5612,79,4.67,0.0035,maritime_radar
852,5,constant,7725,20,0.8,0.00094,tracking_radar
2143,51,constant,3062,74,5.29,0.00247,search_radar
320,23,jittered,10727,38,1.25,0.0039,fire_control_radar
308,24,staggered,9195,13,0.97,0.00315,fire_control_radar
5063,262,constant,2623,122,9.0,0.00178,weather_radar
4033,221,constant,3272,160,7.76,0.00193,weather_radar
922,5,constant,7333,21,1.68,0.00183,tracking_radar
655,26,jittered,8845,37,1.37,0.0021,tracking_radar
4536,366,jittered,3148,96,9.16,0.00202,weather_radar
310,10,staggered,9529,26,0.96,0.0031,fire_control_radar
758,14,jittered,8329,50,1.43,0.00189,tracking_radar
3454,218,constant,2705,129,9.43,0.00273,weather_radar
401,33,constant,9355,41,0.4,0.001,fire_control_radar
4861,425,staggered,3114,113,11.0,0.00226,weather_radar
636,7,constant,8934,29,1.43,0.00225,tracking_radar
840,13,jittered,8547,20,1.76,0.0021,tracking_radar
1997,216,constant,3128,100,4.63,0.00232,search_radar
1978,102,constant,3029,58,4.73,0.00239,search_radar
1328,111,staggered,4095,86,3.4,0.00256,maritime_radar
5187,352,constant,2629,80,10.03,0.00193,weather_radar
708,5,constant,9840,24,1.46,0.00206,tracking_radar
1200,174,staggered,2500,54,6.47,0.00539,search_radar
3922,148,jittered,2652,101,8.69,0.00222,weather_radar
787,89,staggered,915,37,3.35,0.00426,air_traffic_control
4866,334,constant,2825,127,6.88,0.00141,weather_radar
1862,176,constant,4140,49,3.61,0.00194,search_radar
587,19,staggered,8716,10,1.29,0.0022,tracking_radar
1872,194,jittered,3244,32,7.5,0.00401,search_radar
347,6,jittered,9362,27,0.64,0.00185,fire_control_radar
389,23,constant,10677,31,0.68,0.00176,fire_control_radar
773,6,constant,7865,14,0.8,0.00103,tracking_radar
457,19,jittered,9264,26,1.3,0.00284,fire_control_radar
267,21,staggered,10011,22,0.67,0.00252,fire_control_radar
477,23,constant,10138,33,1.05,0.00221,fire_control_radar
746,74,staggered,1443,41,2.54,0.0034,air_traffic_control
2273,194,staggered,3422,30,7.16,0.00315,search_radar
538,15,constant,8393,34,1.48,0.00275,tracking_radar
2000,133,staggered,4363,80,3.5,0.00175,maritime_radar
968,114,staggered,956,38,3.28,0.00339,air_traffic_control
5743,500,constant,2740,150,9.43,0.00164,weather_radar
700,85,staggered,1075,25,2.75,0.00392,air_traffic_control
4597,242,staggered,3132,160,9.28,0.00202,weather_radar
927,100,constant,869,20,2.53,0.00273,air_traffic_control
3321,324,jittered,2818,128,8.37,0.00252,weather_radar
4594,419,jittered,2728,127,10.11,0.0022,weather_radar
1945,245,staggered,2893,44,6.93,0.00356,search_radar
4199,347,constant,2877,96,6.0,0.00143,weather_radar
4755,330,jittered,3500,122,6.0,0.00126,weather_radar
828,17,constant,7223,10,2.16,0.0026,tracking_radar
1610,68,staggered,4383,59,5.66,0.00351,maritime_radar
1357,110,jittered,5381,92,4.1,0.00302,maritime_radar
373,32,staggered,7837,38,0.78,0.0021,fire_control_radar
177,6,jittered,9005,36,1.05,0.00595,fire_control_radar
904,75,jittered,1320,36,2.7,0.00299,air_traffic_control
1079,86,jittered,5203,66,4.63,0.00429,maritime_radar
412,19,staggered,9894,39,1.17,0.00285,fire_control_radar
669,14,jittered,10238,10,0.87,0.0013,tracking_radar
379,16,staggered,8651,29,1.15,0.00302,fire_control_radar
266,17,staggered,8717,42,0.73,0.00273,fire_control_radar
294,28,jittered,10077,34,0.83,0.00283,fire_control_radar
1500,79,staggered,1335,38,3.38,0.00225,air_traffic_control
1059,17,jittered,8034,10,0.8,0.00076,tracking_radar
4306,233,staggered,2599,127,7.37,0.00171,weather_radar
335,12,jittered,9847,21,1.44,0.00429,fire_control_radar
1000,141,staggered,4862,72,5.08,0.00508,maritime_radar
1847,172,jittered,4335,55,4.27,0.00231,maritime_radar
5829,233,jittered,3052,130,8.51,0.00146,weather_radar
1175,113,staggered,1479,43,3.16,0.00269,air_traffic_control
1488,88,staggered,6127,77,6.61,0.00444,maritime_radar
496,37,jittered,8141,33,0.88,0.00178,fire_control_radar
3996,317,staggered,3390,110,8.42,0.00211,weather_radar
704,7,jittered,8132,14,0.8,0.00114,tracking_radar
2000,185,jittered,3533,85,3.92,0.00196,search_radar
1743,50,jittered,3236,30,5.73,0.00329,search_radar
947,5,staggered,8881,16,1.25,0.00133,tracking_radar
1610,95,staggered,2973,65,4.18,0.00259,search_radar
1049,73,jittered,1283,37,3.8,0.00362,air_traffic_control
400,11,constant,8100,10,1.29,0.00322,tracking_radar
690,5,constant,8004,10,1.36,0.00197,tracking_radar
780,5,jittered,9309,30,0.8,0.00103,tracking_radar
342,25,staggered,10580,33,1.16,0.00339,fire_control_radar
333,27,staggered,9863,44,0.79,0.00237,fire_control_radar
1303,16,constant,7393,11,1.11,0.00085,tracking_radar
929,77,constant,1365,37,2.94,0.00316,air_traffic_control
945,18,constant,7944,22,1.71,0.00181,tracking_radar
493,17,jittered,9757,43,0.74,0.00151,fire_control_radar
1000,96,staggered,1399,44,3.21,0.00321,air_traffic_control
1985,143,jittered,3078,30,6.05,0.00305,search_radar
1632,102,constant,2805,92,6.13,0.00375,search_radar
439,13,staggered,9386,35,1.75,0.00399,tracking_radar
1911,153,constant,3904,69,4.61,0.00241,search_radar
870,12,staggered,7950,28,1.65,0.0019,tracking_radar
2052,81,constant,4504,100,5.39,0.00263,maritime_radar
3355,282,staggered,2965,132,11.16,0.00333,weather_radar
1409,129,jittered,3310,64,4.02,0.00285,maritime_radar
1307,132,constant,6313,88,3.6,0.00276,maritime_radar
3742,403,staggered,3118,133,7.81,0.00209,weather_radar
782,5,staggered,9230,19,1.45,0.00185,tracking_radar
564,9,constant,8427,16,1.76,0.00312,tracking_radar
1645,98,jittered,5974,63,5.61,0.00341,maritime_radar
1132,95,staggered,4917,100,4.19,0.0037,maritime_radar
423,13,constant,8873,24,0.74,0.00175,fire_control_radar
1200,184,constant,3152,48,4.88,0.00406,search_radar
675,19,staggered,9472,15,2.5,0.00371,tracking_radar
846,5,constant,8336,26,1.37,0.00162,tracking_radar
2208,108,constant,3744,51,6.75,0.00306,search_radar
360,38,staggered,9721,31,1.33,0.00369,fire_control_radar
4975,298,staggered,3265,115,9.67,0.00194,weather_radar
866,23,staggered,8811,21,0.88,0.00102,tracking_radar
1596,139,staggered,5402,71,3.43,0.00215,maritime_radar
1865,139,jittered,4789,58,4.6,0.00247,maritime_radar
1202,130,staggered,4937,80,3.66,0.00305,maritime_radar
1862,174,jittered,3506,61,3.99,0.00214,search_radar
849,21,constant,8316,34,2.25,0.00265,tracking_radar
4254,282,jittered,2860,60,8.73,0.00205,weather_radar
1566,144,staggered,3252,30,5.96,0.00381,search_radar
174,33,jittered,9066,27,0.85,0.00489,fire_control_radar
2000,146,staggered,4852,53,4.42,0.00221,maritime_radar
151,24,constant,9943,25,1.07,0.00707,fire_control_radar
297,30,staggered,8800,39,0.97,0.00328,fire_control_radar
1698,180,jittered,3356,45,6.07,0.00358,search_radar
1777,90,staggered,4573,40,4.05,0.00228,maritime_radar
630,29,staggered,9307,26,0.74,0.00117,fire_control_radar
1648,110,staggered,2738,41,4.23,0.00256,search_radar
1019,87,jittered,1019,45,4.0,0.00392,air_traffic_control
499,23,jittered,9263,29,0.78,0.00155,fire_control_radar
1808,109,constant,5713,72,4.26,0.00236,maritime_radar
1585,137,constant,4000,52,6.65,0.0042,search_radar
1007,21,jittered,8825,10,2.0,0.00198,tracking_radar
700,81,staggered,926,38,2.94,0.0042,air_traffic_control
341,20,jittered,8617,53,0.72,0.00211,fire_control_radar
1384,84,constant,951,41,3.85,0.00278,air_traffic_control
695,9,staggered,9313,19,2.29,0.0033,tracking_radar
1787,155,staggered,5315,100,3.0,0.00168,maritime_radar
1501,134,staggered,2500,49,5.07,0.00337,search_radar
529,15,jittered,7989,16,0.95,0.0018,tracking_radar
1754,105,constant,5048,83,4.3,0.00245,maritime_radar
443,5,constant,8302,25,1.64,0.00371,tracking_radar
1607,175,jittered,2754,65,4.07,0.00253,search_radar
1715,81,staggered,4955,81,3.84,0.00224,maritime_radar
1739,97,staggered,5336,67,5.6,0.00322,maritime_radar
486,5,jittered,7903,11,2.19,0.0045,tracking_radar
1626,90,jittered,4257,61,5.08,0.00313,maritime_radar
2263,133,constant,3136,61,4.79,0.00212,search_radar
757,5,jittered,9260,26,2.19,0.0029,tracking_radar
1061,63,staggered,906,29,2.6,0.00245,air_traffic_control
322,26,jittered,9719,29,0.84,0.00259,fire_control_radar
377,17,staggered,9491,39,0.84,0.00222,fire_control_radar
3913,348,staggered,3106,60,9.26,0.00237,weather_radar
1433,84,jittered,867,34,2.34,0.00164,air_traffic_control
283,44,jittered,9728,39,0.9,0.00318,fire_control_radar
1093,82,staggered,1061,43,2.47,0.00226,air_traffic_control
1103,56,constant,1175,52,3.52,0.00319,air_traffic_control
1798,100,jittered,5259,41,3.32,0.00185,maritime_radar
724,83,constant,1079,40,3.47,0.0048,air_traffic_control
769,20,constant,7260,10,0.92,0.00119,tracking_radar
937,104,constant,1078,40,2.97,0.00317,air_traffic_control
4592,356,jittered,2850,134,7.59,0.00165,weather_radar
1876,116,jittered,4618,79,4.36,0.00232,maritime_radar
1488,119,staggered,5266,57,4.25,0.00286,maritime_radar
677,18,jittered,7888,13,0.84,0.00124,tracking_radar
400,11,jittered,9358,17,1.74,0.00434,tracking_radar
1185,64,constant,1190,56,3.13,0.00264,air_traffic_control
428,13,staggered,8383,38,1.18,0.00275,fire_control_radar
1066,60,constant,4401,100,4.04,0.0038,maritime_radar
430,10,jittered,9442,38,1.09,0.00255,fire_control_radar
2385,118,constant,3262,80,4.64,0.00194,search_radar
1864,189,constant,2760,52,5.62,0.00302,search_radar
509,17,constant,8420,27,1.4,0.00274,tracking_radar
4996,500,jittered,2876,160,9.84,0.00197,weather_radar
633,16,constant,8636,10,1.78,0.00281,tracking_radar
1651,101,staggered,2656,38,5.82,0.00352,search_radar
4471,341,staggered,3566,116,8.04,0.0018,weather_radar
627,5,constant,9064,23,1.59,0.00254,tracking_radar
1093,109,staggered,1345,48,1.93,0.00176,air_traffic_control
588,8,staggered,9757,13,1.33,0.00227,tracking_radar
1318,100,staggered,1284,35,4.36,0.00331,air_traffic_control
831,6,staggered,8857,31,1.49,0.00179,tracking_radar
5678,399,jittered,3606,122,9.14,0.00161,weather_radar
362,21,jittered,9131,30,1.13,0.00312,fire_control_radar
394,20,staggered,10412,35,1.26,0.0032,fire_control_radar
2215,93,staggered,2878,42,5.64,0.00255,search_radar
428,15,staggered,10739,37,0.61,0.00142,fire_control_radar
1371,108,constant,5538,58,5.56,0.00406,maritime_radar
515,20,constant,8505,10,1.27,0.00247,tracking_radar
5140,100,constant,3286,104,8.09,0.00157,weather_radar
4708,322,staggered,3500,105,10.17,0.00216,weather_radar
1300,122,staggered,2971,62,6.36,0.00489,search_radar
496,11,jittered,9072,16,1.6,0.00322,tracking_radar
1834,86,constant,3183,47,5.5,0.003,search_radar
599,87,constant,1289,45,2.82,0.00471,air_traffic_control
965,6,staggered,8279,10,1.77,0.00183,tracking_radar
2105,165,constant,3703,65,5.63,0.00268,search_radar
1783,113,staggered,4611,72,4.76,0.00267,maritime_radar
1799,218,constant,4000,95,6.85,0.00381,search_radar
1427,108,staggered,3869,89,4.1,0.00287,maritime_radar
900,99,jittered,1352,40,3.26,0.00362,air_traffic_control
401,36,jittered,9552,28,0.73,0.00182,fire_control_radar
1724,211,jittered,2936,72,6.08,0.00353,search_radar
1708,208,constant,2606,86,5.52,0.00323,search_radar
404,18,jittered,9531,48,0.88,0.00217,fire_control_radar
1798,180,jittered,5273,65,3.48,0.00194,maritime_radar
342,5,staggered,7825,48,0.66,0.00193,fire_control_radar
1321,180,constant,5435,52,4.7,0.00356,maritime_radar
870,8,constant,7572,28,2.46,0.00283,tracking_radar
5775,194,constant,3384,71,9.4,0.00163,weather_radar
831,118,constant,1388,41,2.38,0.00286,air_traffic_control
513,13,constant,7655,16,1.52,0.00297,tracking_radar
247,18,staggered,9874,29,0.94,0.00379,fire_control_radar
904,67,staggered,1415,38,3.88,0.00429,air_traffic_control
2123,94,jittered,2715,53,3.23,0.00152,search_radar
1200,118,jittered,3852,76,5.67,0.00472,search_radar
1200,6,constant,7155,17,1.2,0.001,tracking_radar
1456,146,staggered,3536,58,6.7,0.0046,search_radar
1621,108,jittered,3559,67,4.12,0.00254,maritime_radar
1361,70,constant,3484,49,5.68,0.00418,search_radar
1519,114,constant,6272,77,4.34,0.00286,maritime_radar
2031,117,constant,2854,43,3.81,0.00188,search_radar
858,13,jittered,8205,24,0.91,0.00106,tracking_radar
830,114,staggered,1064,39,3.31,0.00398,air_traffic_control
4132,146,jittered,3544,72,9.12,0.00221,weather_radar
580,12,jittered,8976,10,1.85,0.00319,tracking_radar
1831,143,constant,2816,30,5.29,0.00289,search_radar
876,63,constant,854,36,2.55,0.00291,air_traffic_control
726,12,staggered,8718,21,2.0,0.00276,tracking_radar
265,34,jittered,10090,28,1.22,0.00459,fire_control_radar
240,23,jittered,9302,26,1.02,0.00423,fire_control_radar
1273,78,jittered,1232,20,3.57,0.0028,air_traffic_control
1396,150,constant,3416,69,3.92,0.00281,search_radar
1306,91,jittered,5090,67,4.16,0.00318,maritime_radar
4310,268,staggered,3136,60,10.17,0.00236,weather_radar
1239,72,jittered,1526,29,3.25,0.00263,air_traffic_control
1517,137,staggered,3937,42,5.92,0.0039,search_radar
2070,114,constant,2748,48,5.74,0.00277,search_radar
1317,129,staggered,3674,43,7.13,0.00542,search_radar
894,69,staggered,1029,51,3.41,0.00381,air_traffic_control
825,13,staggered,8100,10,1.7,0.00207,tracking_radar
4524,329,staggered,3277,122,9.47,0.00209,weather_radar
1315,94,staggered,5109,80,4.43,0.00337,maritime_radar
1450,116,jittered,5799,76,4.95,0.00342,maritime_radar
470,16,staggered,8641,24,2.38,0.00505,tracking_radar
548,16,constant,8666,10,0.97,0.00177,tracking_radar
1777,129,constant,2789,31,6.33,0.00356,search_radar
4472,394,constant,3076,144,9.69,0.00217,weather_radar
4950,223,staggered,3216,121,8.26,0.00167,weather_radar
4501,155,jittered,2385,156,8.52,0.00189,weather_radar
1488,79,jittered,1141,29,2.32,0.00156,air_traffic_control
343,33,constant,9474,15,0.83,0.00243,fire_control_radar
1210,69,staggered,1476,44,3.23,0.00267,air_traffic_control
1670,116,staggered,5091,80,3.46,0.00207,maritime_radar
409,24,staggered,10041,38,1.07,0.0026,fire_control_radar
795,16,jittered,8738,16,2.14,0.00269,tracking_radar
452,17,staggered,10145,22,0.68,0.00151,fire_control_radar
4035,238,constant,3021,131,9.96,0.00247,weather_radar
989,84,jittered,1005,35,2.94,0.00297,air_traffic_control
327,12,staggered,10753,12,1.36,0.00416,tracking_radar
295,18,staggered,8918,35,0.86,0.00293,fire_control_radar
5771,500,jittered,3062,116,7.97,0.00138,weather_radar
2236,161,staggered,3747,81,5.15,0.0023,search_radar
1976,156,staggered,3081,62,5.28,0.00267,search_radar
700,71,jittered,922,42,2.91,0.00416,air_traffic_control
1206,83,jittered,1646,35,2.03,0.00169,air_traffic_control
614,6,jittered,8738,30,1.22,0.00199,tracking_radar
1616,99,constant,2999,74,5.49,0.00339,search_radar
485,20,jittered,9946,29,0.4,0.00083,fire_control_radar
2314,156,constant,4365,83,6.65,0.00287,maritime_radar
303,25,staggered,10258,10,0.43,0.00143,fire_control_radar
851,69,staggered,1070,53,3.66,0.0043,air_traffic_control
410,26,jittered,8672,20,1.41,0.00345,fire_control_radar
1397,89,staggered,1130,59,2.83,0.00203,air_traffic_control
1188,125,staggered,5983,58,3.86,0.00325,maritime_radar
1005,75,jittered,1062,42,2.54,0.00253,air_traffic_control
4379,377,staggered,3615,126,9.69,0.00221,weather_radar
1386,110,jittered,1042,29,3.08,0.00222,air_traffic_control
781,21,constant,9253,11,1.78,0.00228,tracking_radar
1098,65,staggered,1263,38,3.08,0.0028,air_traffic_control
995,42,constant,1017,33,2.73,0.00275,air_traffic_control
536,6,constant,7685,10,1.35,0.00251,tracking_radar
276,17,staggered,10000,31,0.56,0.00204,fire_control_radar
4051,336,staggered,3167,101,10.33,0.00255,weather_radar
1127,88,constant,1012,38,2.94,0.0026,air_traffic_control
956,40,constant,1304,53,2.85,0.00298,air_traffic_control
310,12,constant,9561,25,1.3,0.0042,fire_control_radar
400,6,constant,8664,17,1.38,0.00344,tracking_radar
1886,142,constant,3280,86,7.35,0.0039,search_radar
1098,79,jittered,5260,57,4.52,0.00412,maritime_radar
912,72,jittered,1523,42,2.76,0.00302,air_traffic_control
1094,12,jittered,7000,25,1.15,0.00105,tracking_radar
808,99,staggered,1082,55,3.23,0.004,air_traffic_control
3899,271,constant,2500,99,9.02,0.00231,weather_radar
1200,160,staggered,2635,77,6.56,0.00547,search_radar
363,9,staggered,7967,31,1.9,0.00524,tracking_radar
4072,293,constant,2500,112,7.88,0.00194,weather_radar
4428,324,constant,2789,147,6.0,0.00136,weather_radar
2163,123,constant,3220,62,6.82,0.00315,search_radar
1373,180,staggered,4816,59,3.83,0.00279,maritime_radar
402,6,jittered,7881,19,1.65,0.00411,tracking_radar
1068,67,constant,1320,39,2.81,0.00263,air_traffic_control
968,112,staggered,1176,34,2.55,0.00264,air_traffic_control
989,116,staggered,1274,49,3.7,0.00373,air_traffic_control
1230,50,jittered,2980,72,5.15,0.00419,search_radar
388,29,jittered,9163,40,0.87,0.00224,fire_control_radar
5049,244,staggered,2925,62,7.31,0.00145,weather_radar
783,9,constant,8981,24,1.22,0.00156,tracking_radar
2168,168,constant,3223,56,5.95,0.00274,search_radar
1784,159,staggered,3633,30,5.98,0.00335,search_radar
1200,22,constant,9626,10,1.45,0.00121,tracking_radar
1060,9,staggered,9233,34,1.24,0.00117,tracking_radar
305,28,jittered,9460,44,0.95,0.00312,fire_control_radar
847,97,staggered,1040,44,3.39,0.00401,air_traffic_control
715,17,constant,8927,10,1.6,0.00223,tracking_radar
3466,420,staggered,3363,127,7.66,0.00221,weather_radar
467,17,jittered,9885,30,1.8,0.00386,tracking_radar
1780,136,staggered,5017,84,4.59,0.00258,maritime_radar
4844,117,staggered,3052,101,10.12,0.00209,weather_radar
3645,162,staggered,2847,62,7.59,0.00208,weather_radar
1000,114,constant,5959,60,3.87,0.00387,maritime_radar
1838,176,constant,4726,89,4.26,0.00232,maritime_radar
1754,85,jittered,4072,64,5.91,0.00337,maritime_radar
1832,96,staggered,5610,54,5.43,0.00297,maritime_radar
301,26,jittered,8373,37,0.62,0.00206,fire_control_radar
332,17,jittered,9897,15,0.5,0.0015,fire_control_radar
1234,129,constant,3539,62,5.76,0.00466,search_radar
964,67,jittered,1586,42,4.0,0.00415,air_traffic_control
352,38,constant,10597,23,0.87,0.00248,fire_control_radar
3730,229,jittered,2998,91,8.96,0.0024,weather_radar
1331,121,constant,4337,55,5.25,0.00394,maritime_radar
5927,168,staggered,2850,128,6.26,0.00106,weather_radar
150,8,constant,9074,33,1.26,0.00843,fire_control_radar
2167,141,constant,3707,56,6.53,0.00302,search_radar
1904,248,staggered,3539,54,4.69,0.00246,search_radar
733,6,jittered,10000,10,1.68,0.00229,tracking_radar
1964,205,jittered,3194,50,6.59,0.00335,search_radar
305,21,staggered,10169,43,1.09,0.00356,fire_control_radar
4419,250,jittered,2606,81,8.64,0.00195,weather_radar
1469,133,constant,4221,59,5.2,0.00354,maritime_radar
2054,138,jittered,5160,68,4.43,0.00216,maritime_radar
3986,498,staggered,3204,115,6.59,0.00165,weather_radar
1260,159,constant,5299,51,3.73,0.00296,maritime_radar
444,17,staggered,8945,39,0.45,0.00101,fire_control_radar
1089,11,staggered,9034,19,1.51,0.00138,tracking_radar
1230,80,constant,1232,35,2.49,0.00203,air_traffic_control
347,31,staggered,9485,28,0.65,0.00187,fire_control_radar
276,26,staggered,10977,36,1.4,0.00508,fire_control_radar
934,56,staggered,1118,29,3.38,0.00362,air_traffic_control
1151,93,jittered,1094,47,2.03,0.00176,air_traffic_control
2312,177,staggered,2959,50,5.84,0.00253,search_radar
862,96,jittered,1227,29,2.55,0.00296,air_traffic_control
2129,259,constant,3035,101,5.49,0.00258,search_radar
905,83,jittered,1122,40,3.56,0.00393,air_traffic_control
372,5,constant,9926,21,0.83,0.00223,fire_control_radar
4142,204,staggered,3259,147,8.54,0.00206,weather_radar
1756,238,staggered,2500,50,5.28,0.003,search_radar
589,21,constant,8717,30,1.43,0.00242,tracking_radar
4180,209,staggered,3338,160,6.9,0.00165,weather_radar
1679,92,constant,3180,80,7.28,0.00434,search_radar
2137,50,jittered,2882,47,5.68,0.00266,search_radar
1521,121,jittered,5053,66,4.18,0.00275,maritime_radar
620,5,jittered,9872,16,1.02,0.00165,tracking_radar
817,10,staggered,8813,10,1.77,0.00217,tracking_radar
5454,484,staggered,2909,127,8.74,0.0016,weather_radar
2410,139,constant,2500,64,5.15,0.00214,search_radar
296,5,constant,9253,43,0.94,0.00318,fire_control_radar
559,40,jittered,8400,32,1.13,0.00203,fire_control_radar
514,9,jittered,8482,35,1.26,0.00246,tracking_radar
1821,122,constant,5805,67,4.19,0.0023,maritime_radar
511,11,staggered,8994,27,1.28,0.0025,tracking_radar
1894,173,jittered,3272,71,7.5,0.00396,search_radar
4022,335,constant,3079,160,9.61,0.00239,weather_radar
1344,110,jittered,6168,55,3.05,0.00227,maritime_radar
4303,187,jittered,2947,148,8.34,0.00194,weather_radar
942,15,staggered,8946,23,1.73,0.00184,tracking_radar
3682,270,staggered,3063,92,9.77,0.00265,weather_radar
4299,239,constant,3157,66,8.37,0.00195,weather_radar
1976,180,staggered,4643,74,4.18,0.00211,maritime_radar
1076,54,constant,1242,39,2.9,0.00269,air_traffic_control
2061,112,constant,3148,68,5.94,0.00288,search_radar
2192,97,constant,3490,71,5.75,0.00263,search_radar
732,6,staggered,8372,20,1.81,0.00248,tracking_radar
3793,290,constant,3391,130,11.0,0.0029,weather_radar
706,64,jittered,995,35,2.83,0.00401,air_traffic_control
1563,300,jittered,3309,93,5.6,0.00359,search_radar
4244,311,jittered,2500,132,9.16,0.00216,weather_radar
3885,377,staggered,2824,93,10.73,0.00276,weather_radar
1082,107,jittered,911,36,3.18,0.00294,air_traffic_control
4526,477,constant,2567,136,11.0,0.00243,weather_radar
1291,71,staggered,1486,59,4.49,0.00348,air_traffic_control
987,87,jittered,919,39,2.33,0.00236,air_traffic_control
2098,138,staggered,2802,78,4.51,0.00215,search_radar
4394,265,constant,3448,72,10.02,0.00228,weather_radar
229,20,staggered,10305,36,0.54,0.00234,fire_control_radar
365,29,jittered,10302,27,1.05,0.00289,fire_control_radar
5345,272,constant,3074,106,9.52,0.00178,weather_radar
1530,213,staggered,3324,67,6.35,0.00415,search_radar
538,18,constant,8387,26,1.03,0.00192,fire_control_radar
3676,183,constant,2983,139,9.37,0.00255,weather_radar
1825,186,jittered,3370,55,6.47,0.00355,search_radar
1654,182,jittered,3616,42,5.8,0.0035,search_radar
2042,171,staggered,2729,54,5.35,0.00262,search_radar
5385,377,jittered,3008,91,8.18,0.00152,weather_radar
1109,71,staggered,1169,28,2.36,0.00213,air_traffic_control
1460,108,constant,2923,42,7.08,0.00485,search_radar
234,22,jittered,10019,14,0.64,0.00274,fire_control_radar
2000,99,staggered,5276,74,4.32,0.00216,maritime_radar
761,16,constant,9272,10,1.66,0.00218,tracking_radar
933,77,constant,1083,54,3.62,0.00388,air_traffic_control
3860,161,jittered,3173,113,10.87,0.00282,weather_radar
1158,46,jittered,1246,42,3.67,0.00317,air_traffic_control
4475,179,constant,2967,122,8.24,0.00184,weather_radar
410,26,constant,8643,31,0.4,0.00098,fire_control_radar
466,38,staggered,9779,21,0.43,0.00092,fire_control_radar
892,85,constant,1298,33,3.03,0.0034,air_traffic_control
365,29,staggered,8679,32,0.86,0.00236,fire_control_radar
2262,175,staggered,3699,83,6.19,0.00274,search_radar
1594,195,constant,3057,56,6.17,0.00387,search_radar
1687,131,constant,4459,43,3.56,0.00211,maritime_radar
405,10,jittered,7591,38,1.92,0.00474,tracking_radar
4101,230,jittered,2757,114,7.41,0.00181,weather_radar
4881,500,staggered,3305,160,10.27,0.0021,weather_radar
1891,127,constant,3169,32,5.41,0.00286,search_radar
3245,314,staggered,3049,78,7.07,0.00218,weather_radar
4591,360,staggered,3206,139,7.56,0.00165,weather_radar
394,11,jittered,9723,28,0.89,0.00225,fire_control_radar
1741,72,staggered,5944,67,4.77,0.00274,maritime_radar
1766,76,constant,2977,42,5.35,0.00303,search_radar
671,8,staggered,8921,30,1.92,0.00286,tracking_radar
3837,383,jittered,2500,94,7.91,0.00206,weather_radar
330,28,jittered,8951,41,1.05,0.00319,fire_control_radar
1690,160,constant,4562,43,3.71,0.00219,maritime_radar
1076,73,constant,1050,42,2.99,0.00278,air_traffic_control
382,30,jittered,10996,33,0.46,0.00119,fire_control_radar
1329,117,constant,3115,49,5.99,0.00451,search_radar
5058,172,staggered,3187,102,6.0,0.00119,weather_radar
1828,185,constant,2572,30,4.59,0.00251,search_radar
1055,73,constant,1297,33,2.48,0.00235,air_traffic_control
1009,18,jittered,8992,42,1.79,0.00177,tracking_radar
1096,99,staggered,1526,40,2.84,0.00259,air_traffic_control
1199,72,constant,6250,60,5.44,0.00454,maritime_radar
798,23,constant,8775,20,1.35,0.00169,tracking_radar
1337,70,jittered,1382,60,4.0,0.00299,air_traffic_control
670,10,constant,9099,10,1.08,0.00161,tracking_radar
5250,213,staggered,2675,64,8.39,0.0016,weather_radar
1508,120,constant,5443,58,3.68,0.00244,maritime_radar
1076,93,constant,904,31,3.27,0.00304,air_traffic_control
1871,233,staggered,3057,41,6.22,0.00332,search_radar
1344,185,constant,3128,68,5.74,0.00427,search_radar
465,18,staggered,9698,32,0.62,0.00133,fire_control_radar
1089,114,constant,1381,40,3.74,0.00344,air_traffic_control
1273,135,staggered,5261,82,4.14,0.00326,maritime_radar
1708,89,constant,4454,93,5.09,0.00298,maritime_radar
5601,243,constant,3043,60,7.96,0.00142,weather_radar
1633,111,constant,5421,65,4.25,0.0026,maritime_radar
490,22,constant,7763,22,1.29,0.00263,tracking_radar
1597,151,constant,2624,39,4.98,0.00312,search_radar
4380,186,constant,3092,111,8.87,0.00203,weather_radar
3993,165,jittered,2962,135,6.0,0.0015,weather_radar
985,85,constant,1224,50,3.05,0.0031,air_traffic_control
409,25,constant,8450,35,1.22,0.00298,fire_control_radar
3916,368,staggered,3212,71,6.36,0.00162,weather_radar
1632,90,jittered,4407,88,3.93,0.00241,maritime_radar
3963,304,staggered,2944,160,7.67,0.00193,weather_radar
917,61,staggered,1103,35,3.59,0.00391,air_traffic_control
647,21,constant,7484,15,1.45,0.00225,tracking_radar
1064,114,constant,4875,82,5.32,0.005,maritime_radar
4188,234,jittered,3033,80,7.04,0.00168,weather_radar
3283,434,staggered,2669,84,7.03,0.00214,weather_radar
1971,50,constant,3648,37,3.5,0.00178,search_radar
1796,190,constant,3428,31,5.01,0.00279,search_radar
415,35,staggered,9128,30,0.64,0.00155,fire_control_radar
150,5,staggered,9134,10,0.75,0.005,fire_control_radar
1428,55,constant,1059,38,2.97,0.00208,air_traffic_control
1923,133,jittered,4939,71,4.71,0.00245,maritime_radar
1364,129,jittered,3261,32,5.89,0.00432,search_radar
1957,113,jittered,2588,49,5.43,0.00277,search_radar
2000,130,jittered,5251,72,4.96,0.00248,maritime_radar
700,70,staggered,824,36,3.29,0.00471,air_traffic_control
4856,100,constant,3026,141,8.63,0.00178,weather_radar
2282,209,constant,3513,59,5.13,0.00225,search_radar
412,38,constant,10005,30,1.24,0.003,fire_control_radar
721,13,staggered,8931,10,1.06,0.00147,tracking_radar
325,22,jittered,10837,35,1.19,0.00367,fire_control_radar
1924,175,staggered,5168,50,3.79,0.00197,maritime_radar
1078,85,jittered,1140,29,3.2,0.00297,air_traffic_control
4279,325,staggered,2681,94,9.09,0.00212,weather_radar
1252,90,staggered,6049,49,4.06,0.00324,maritime_radar
554,14,constant,9319,15,0.8,0.00144,tracking_radar
154,21,staggered,9243,32,0.88,0.00575,fire_control_radar
1602,209,staggered,3843,59,7.43,0.00464,search_radar
652,17,constant,8941,10,1.55,0.00238,tracking_radar
1156,153,staggered,2927,30,6.26,0.00541,search_radar
1883,119,jittered,4588,62,4.72,0.00251,maritime_radar
1991,141,staggered,3151,30,6.27,0.00315,search_radar
1817,150,constant,2824,78,4.47,0.00246,search_radar
550,16,jittered,9891,10,1.29,0.00234,tracking_radar
2232,158,staggered,3318,70,5.44,0.00244,search_radar
1428,192,staggered,3551,78,6.18,0.00433,search_radar
468,14,jittered,8807,14,2.26,0.00482,tracking_radar
529,9,staggered,8403,16,2.02,0.00381,tracking_radar
956,114,constant,927,36,3.8,0.00398,air_traffic_control
1086,69,staggered,1209,37,3.32,0.00305,air_traffic_control
1201,76,staggered,1171,30,2.71,0.00225,air_traffic_control
1049,90,jittered,1147,27,3.65,0.00348,air_traffic_control
776,5,jittered,8585,29,1.14,0.00146,tracking_radar
1726,124,jittered,5421,75,4.91,0.00284,maritime_radar
542,25,jittered,8888,27,0.99,0.00182,fire_control_radar
1130,144,staggered,5164,51,4.34,0.00384,maritime_radar
5202,488,constant,2642,129,7.01,0.00135,weather_radar
814,105,staggered,955,37,2.86,0.00352,air_traffic_control
341,20,jittered,8631,34,1.15,0.00336,fire_control_radar
2500,103,staggered,2886,84,5.01,0.00201,search_radar
455,21,jittered,9151,29,0.47,0.00103,fire_control_radar
1987,129,jittered,5073,68,4.0,0.00201,maritime_radar
886,27,constant,8579,39,0.8,0.0009,tracking_radar
1387,97,staggered,4417,72,3.91,0.00282,maritime_radar
614,10,jittered,9367,14,1.03,0.00168,fire_control_radar
360,6,staggered,8329,36,0.73,0.00203,fire_control_radar
1587,121,jittered,3663,35,6.34,0.00399,search_radar
3981,206,constant,2846,104,6.63,0.00166,weather_radar
3839,315,staggered,3053,159,7.96,0.00207,weather_radar
993,75,jittered,4635,43,4.84,0.00487,maritime_radar
150,5,jittered,8418,35,1.47,0.00982,fire_control_radar
765,5,staggered,8694,27,0.8,0.00105,tracking_radar
717,104,staggered,1045,45,3.85,0.00537,air_traffic_control
1595,125,constant,5923,59,5.57,0.00349,maritime_radar
5170,326,staggered,3234,60,9.27,0.00179,weather_radar
1749,145,constant,3380,41,4.5,0.00257,search_radar
1300,95,staggered,4418,61,4.85,0.00373,maritime_radar
1625,101,staggered,4779,66,4.94,0.00304,maritime_radar
1794,179,jittered,2500,47,4.74,0.00264,search_radar
1772,110,constant,4652,64,4.87,0.00275,maritime_radar
2000,153,constant,5125,63,3.88,0.00194,maritime_radar
1774,95,staggered,4410,81,3.81,0.00215,maritime_radar
916,6,staggered,9184,16,2.27,0.00248,tracking_radar
1368,120,staggered,876,64,2.35,0.00172,air_traffic_control
897,78,staggered,996,38,2.33,0.00259,air_traffic_control
1350,94,jittered,4960,63,4.9,0.00363,maritime_radar
1339,155,staggered,4532,76,3.79,0.00283,maritime_radar
1130,74,constant,1247,38,3.23,0.00286,air_traffic_control
784,12,jittered,9525,26,1.14,0.00146,tracking_radar
1705,113,jittered,2500,30,5.22,0.00306,search_radar
4179,484,staggered,2644,109,7.24,0.00173,weather_radar
1689,129,jittered,4963,84,4.73,0.0028,maritime_radar
1733,93,staggered,3055,53,5.15,0.00297,search_radar
700,120,staggered,987,20,3.03,0.00433,air_traffic_control
4822,396,jittered,3255,111,8.1,0.00168,weather_radar
1269,148,staggered,6469,82,4.66,0.00367,maritime_radar
1008,59,jittered,1180,30,3.18,0.00316,air_traffic_control
759,88,jittered,912,58,2.82,0.00372,air_traffic_control
828,41,staggered,1359,35,3.38,0.00409,air_traffic_control
1539,141,constant,4620,82,3.62,0.00235,maritime_radar
2077,257,jittered,4000,48,5.51,0.00265,search_radar
892,100,constant,1017,24,2.29,0.00257,air_traffic_control
1410,180,jittered,5585,88,4.4,0.00312,maritime_radar
637,12,jittered,7901,15,1.77,0.00278,tracking_radar
2074,187,constant,2716,33,6.33,0.00305,search_radar
506,31,constant,9772,31,0.86,0.00171,fire_control_radar
972,82,jittered,864,30,2.41,0.00248,air_traffic_control
1096,70,constant,1244,46,2.67,0.00243,air_traffic_control
2158,174,constant,3307,55,5.48,0.00254,search_radar
347,18,staggered,7570,25,2.75,0.00791,tracking_radar
444,17,jittered,9892,10,1.73,0.0039,tracking_radar
4939,304,jittered,2685,106,8.81,0.00178,weather_radar
700,17,staggered,7820,14,1.69,0.00242,tracking_radar
1345,105,jittered,4494,40,4.25,0.00316,maritime_radar
1073,63,constant,1209,58,2.79,0.0026,air_traffic_control
5654,245,staggered,2665,153,10.21,0.00181,weather_radar
1849,190,staggered,3067,74,5.45,0.00295,search_radar
1649,160,constant,3279,30,4.39,0.00266,search_radar
1400,156,constant,2661,67,3.5,0.0025,search_radar
438,18,constant,8868,10,1.1,0.00251,tracking_radar
1702,95,staggered,5022,65,4.63,0.00272,maritime_radar
487,14,jittered,9661,30,0.96,0.00197,fire_control_radar
1412,64,constant,4343,67,6.0,0.00425,maritime_radar
4336,235,constant,2959,115,9.27,0.00214,weather_radar
1255,126,staggered,5115,91,4.25,0.00338,maritime_radar
167,45,staggered,11000,11,1.12,0.00671,fire_control_radar
1617,206,staggered,2500,34,5.97,0.00369,search_radar
1986,168,constant,2500,46,5.18,0.00261,search_radar
1278,50,constant,3732,89,7.13,0.00558,search_radar
583,27,staggered,10000,24,1.39,0.00238,tracking_radar
5595,500,jittered,3083,130,7.4,0.00132,weather_radar
273,25,constant,9029,31,0.95,0.00346,fire_control_radar
236,8,constant,9372,39,1.11,0.00468,fire_control_radar
843,87,constant,1241,32,3.21,0.0038,air_traffic_control
1549,60,jittered,5053,70,4.41,0.00285,maritime_radar
1242,108,constant,1261,51,2.57,0.00207,air_traffic_control
724,13,jittered,9088,20,1.33,0.00184,tracking_radar
3806,385,constant,2769,131,7.38,0.00194,weather_radar
1918,88,staggered,5938,66,5.07,0.00264,maritime_radar
1649,131,constant,4519,56,3.66,0.00222,maritime_radar
2000,119,constant,5825,55,4.34,0.00217,maritime_radar
405,19,constant,10258,32,1.51,0.00372,fire_control_radar
4545,309,constant,3101,128,9.18,0.00202,weather_radar
282,14,staggered,9303,32,0.86,0.00305,fire_control_radar
1324,68,constant,1473,60,2.6,0.00196,air_traffic_control
809,9,jittered,9441,15,1.2,0.00148,tracking_radar
1382,135,constant,3201,57,6.13,0.00444,search_radar
907,79,jittered,1137,26,3.15,0.00347,air_traffic_control
1096,10,staggered,8237,18,1.9,0.00173,tracking_radar
1160,40,staggered,1184,47,2.35,0.00202,air_traffic_control
901,71,jittered,1252,32,2.37,0.00262,air_traffic_control
3938,317,constant,2707,63,7.6,0.00193,weather_radar
4734,166,jittered,2701,86,11.0,0.00232,weather_radar
1162,80,constant,5465,66,4.41,0.00379,maritime_radar
1124,98,staggered,6054,57,3.3,0.00294,maritime_radar
884,5,staggered,9913,16,1.29,0.00146,tracking_radar
3316,411,staggered,3062,160,8.23,0.00248,weather_radar
1355,72,staggered,1139,33,2.55,0.00188,air_traffic_control
1231,91,constant,1070,41,2.94,0.00239,air_traffic_control
986,15,jittered,7873,10,1.64,0.00167,tracking_radar
951,66,constant,749,49,3.23,0.0034,air_traffic_control
4936,455,staggered,3254,124,7.07,0.00143,weather_radar
835,120,staggered,4599,61,4.16,0.00498,maritime_radar
1702,250,jittered,3470,30,7.5,0.00441,search_radar
1758,128,staggered,3270,35,6.88,0.00392,search_radar
1273,137,jittered,5797,87,5.02,0.00395,maritime_radar
879,42,staggered,923,37,3.18,0.00361,air_traffic_control
488,20,constant,9828,16,1.32,0.00269,fire_control_radar
511,11,constant,10388,17,1.74,0.00341,tracking_radar
858,70,constant,1310,39,2.52,0.00294,air_traffic_control
793,99,constant,935,28,2.6,0.00328,air_traffic_control
1806,116,jittered,4915,49,4.56,0.00253,maritime_radar
4637,326,staggered,2954,137,7.64,0.00165,weather_radar
979,16,jittered,8299,10,1.57,0.0016,tracking_radar
2379,162,constant,2611,57,5.19,0.00218,search_radar
6400,341,constant,2513,124,9.15,0.00143,weather_radar
1730,198,jittered,3812,51,4.25,0.00246,search_radar
4723,481,constant,3093,143,7.87,0.00167,weather_radar
1128,120,jittered,1578,28,2.79,0.00248,air_traffic_control
2026,155,jittered,2664,39,6.23,0.00307,search_radar
1315,46,staggered,1205,42,2.22,0.00169,air_traffic_control
564,16,staggered,10205,30,1.13,0.002,fire_control_radar
208,32,jittered,8535,29,0.69,0.00333,fire_control_radar
1586,97,jittered,4798,68,5.62,0.00354,maritime_radar
685,9,jittered,8051,19,1.21,0.00177,tracking_radar
1637,224,staggered,3811,72,5.11,0.00312,search_radar
256,10,constant,9329,33,0.71,0.00275,fire_control_radar
804,74,staggered,1445,36,2.76,0.00343,air_traffic_control
254,5,jittered,10102,31,1.12,0.00442,fire_control_radar
1386,102,staggered,4699,87,4.92,0.00355,maritime_radar
232,9,jittered,9667,37,0.47,0.00204,fire_control_radar
893,81,constant,1218,36,4.0,0.00448,air_traffic_control
202,5,constant,8017,40,0.86,0.00425,fire_control_radar
3954,257,jittered,3263,84,6.99,0.00177,weather_radar
1441,82,constant,2634,68,6.21,0.00431,search_radar
2138,236,staggered,3039,44,5.59,0.00261,search_radar
3936,102,jittered,2755,99,11.0,0.00279,weather_radar
1119,65,jittered,1103,32,3.24,0.0029,air_traffic_control
1827,69,staggered,4964,72,4.58,0.00251,maritime_radar
473,5,constant,7735,10,1.56,0.0033,tracking_radar
4762,287,constant,2947,128,8.03,0.00169,weather_radar
1059,115,constant,4442,87,4.42,0.00417,maritime_radar
321,5,constant,8493,26,1.15,0.00359,fire_control_radar
3681,153,jittered,3380,101,8.03,0.00218,weather_radar
3358,187,jittered,3163,142,7.69,0.00229,weather_radar
770,83,staggered,1229,50,3.61,0.00469,air_traffic_control
5079,414,jittered,3305,140,7.95,0.00157,weather_radar
4978,232,jittered,3197,105,9.92,0.00199,weather_radar
1099,60,staggered,4927,50,5.88,0.00535,maritime_radar
1838,112,jittered,4672,93,4.18,0.00228,maritime_radar
4424,298,constant,2544,69,11.0,0.00249,weather_radar
4513,412,constant,2500,160,6.83,0.00151,weather_radar
1975,176,staggered,5143,53,4.95,0.00251,maritime_radar
476,5,staggered,9299,19,1.09,0.00229,tracking_radar
3719,416,constant,3213,160,8.67,0.00233,weather_radar
744,19,staggered,8284,10,0.8,0.00108,tracking_radar
825,26,staggered,8144,39,2.0,0.00243,tracking_radar
1528,60,staggered,5185,71,4.94,0.00323,maritime_radar
482,11,constant,8002,14,1.61,0.00333,tracking_radar
3696,362,staggered,3187,90,9.34,0.00253,weather_radar
1360,91,staggered,5966,74,5.37,0.00395,maritime_radar
718,8,constant,9562,28,0.8,0.00111,tracking_radar
2084,135,constant,4000,79,3.5,0.00168,search_radar
1451,100,constant,4635,44,4.15,0.00286,maritime_radar
531,8,staggered,7494,47,0.8,0.00151,tracking_radar
4612,323,staggered,3063,130,7.83,0.0017,weather_radar
788,83,constant,1462,23,3.45,0.00437,air_traffic_control
1003,120,jittered,1117,59,3.66,0.00365,air_traffic_control
1915,131,constant,6679,58,5.5,0.00287,maritime_radar
218,25,staggered,8619,31,1.17,0.00535,fire_control_radar
309,16,constant,8827,36,1.31,0.00425,fire_control_radar
4779,443,jittered,2714,137,10.81,0.00226,weather_radar
1125,105,jittered,1147,47,3.33,0.00296,air_traffic_control
333,22,constant,9507,20,1.24,0.00374,fire_control_radar
4353,248,jittered,3283,126,9.05,0.00208,weather_radar
1368,60,staggered,3950,67,3.62,0.00264,maritime_radar
1773,96,staggered,5498,52,4.22,0.00238,maritime_radar
5355,239,jittered,2867,87,6.07,0.00113,weather_radar
4758,322,jittered,2751,104,6.53,0.00137,weather_radar
976,109,staggered,1237,45,3.76,0.00386,air_traffic_control
4654,227,jittered,3075,106,9.47,0.00203,weather_radar
5441,356,jittered,2821,106,9.22,0.0017,weather_radar
1920,89,constant,3020,62,5.42,0.00282,search_radar
1002,74,staggered,1544,40,2.67,0.00266,air_traffic_control
814,8,constant,7443,11,1.15,0.00141,tracking_radar
1017,17,jittered,7338,24,1.68,0.00165,tracking_radar
1529,92,jittered,4844,76,4.36,0.00285,maritime_radar
1709,127,staggered,4954,62,4.6,0.00269,maritime_radar
887,95,constant,1153,37,3.57,0.00402,air_traffic_control
5115,349,jittered,3069,110,8.7,0.0017,weather_radar
188,26,constant,7840,35,0.4,0.00213,fire_control_radar
1499,185,constant,2904,71,5.53,0.00369,search_radar
1161,133,jittered,4578,81,4.9,0.00422,maritime_radar
1292,136,jittered,3397,62,6.01,0.00465,search_radar
1544,60,staggered,5239,73,4.81,0.00312,maritime_radar
444,25,staggered,9488,34,0.8,0.00181,fire_control_radar
321,27,staggered,8777,24,0.53,0.00164,fire_control_radar
338,24,constant,9988,25,1.08,0.00318,fire_control_radar
524,8,constant,7888,30,1.99,0.00379,tracking_radar
358,6,jittered,9419,31,1.44,0.00403,fire_control_radar
610,7,jittered,8057,10,1.62,0.00266,tracking_radar
1324,88,staggered,5307,100,5.4,0.00408,maritime_radar
4112,259,jittered,2778,87,7.84,0.00191,weather_radar
922,5,jittered,7089,33,1.03,0.00112,tracking_radar
2185,205,constant,3130,74,6.42,0.00294,search_radar
1580,131,staggered,3623,72,5.29,0.00335,search_radar
2078,106,staggered,4517,40,3.73,0.0018,maritime_radar
481,9,constant,7910,21,2.13,0.00443,tracking_radar
303,22,jittered,9518,34,1.25,0.00412,fire_control_radar
2490,157,staggered,3431,71,4.78,0.00192,search_radar
3669,148,jittered,2883,126,9.57,0.00261,weather_radar
365,21,constant,9113,43,0.64,0.00176,fire_control_radar
4326,322,staggered,2732,108,7.24,0.00167,weather_radar
1055,150,constant,4999,59,3.86,0.00366,maritime_radar
1075,74,constant,1011,48,2.91,0.00271,air_traffic_control
269,34,jittered,8818,31,0.7,0.00261,fire_control_radar
4571,481,staggered,3098,112,7.79,0.0017,weather_radar
345,5,staggered,8972,35,1.23,0.00356,fire_control_radar
1251,84,jittered,4059,100,4.41,0.00352,maritime_radar
354,7,jittered,9524,22,1.0,0.00282,tracking_radar
1153,63,constant,1012,47,3.22,0.00279,air_traffic_control
353,17,jittered,9455,32,0.92,0.0026,fire_control_radar
1500,67,staggered,1500,26,2.82,0.00188,air_traffic_control
304,23,constant,10123,15,0.91,0.00298,fire_control_radar
1865,216,jittered,2556,56,5.94,0.00319,search_radar
5869,458,jittered,2836,80,6.95,0.00118,weather_radar
929,13,constant,8901,27,2.33,0.00251,tracking_radar
4534,430,staggered,3085,79,6.0,0.00132,weather_radar
1963,127,jittered,5763,56,3.73,0.0019,maritime_radar
716,12,staggered,8624,25,1.72,0.0024,tracking_radar
1134,168,constant,5311,42,5.07,0.00447,maritime_radar
1334,127,constant,4970,57,3.9,0.00292,maritime_radar
1925,140,jittered,5650,87,4.34,0.00226,maritime_radar
537,24,staggered,8558,29,0.84,0.00156,fire_control_radar
1359,130,constant,2897,78,3.5,0.00257,search_radar
4449,291,jittered,2655,98,8.76,0.00197,weather_radar
643,10,constant,9556,23,1.73,0.00269,tracking_radar
1336,115,jittered,4388,64,4.3,0.00322,maritime_radar
1780,255,jittered,3502,36,6.58,0.0037,search_radar
852,74,jittered,1275,50,3.69,0.00433,air_traffic_control
798,18,constant,8491,27,1.0,0.00125,tracking_radar
4539,240,constant,2810,122,7.46,0.00164,weather_radar
303,23,jittered,9486,31,0.4,0.00132,fire_control_radar
1669,119,staggered,3189,57,5.61,0.00336,search_radar
416,21,constant,9696,31,0.83,0.00199,fire_control_radar
5483,355,constant,3500,145,6.96,0.00127,weather_radar
405,24,constant,8455,21,0.6,0.00147,fire_control_radar
1888,230,jittered,2500,73,5.98,0.00317,search_radar
1180,107,constant,1000,29,2.71,0.0023,air_traffic_control
1619,278,staggered,3165,33,4.43,0.00274,search_radar
4224,256,constant,3500,88,8.26,0.00196,weather_radar
1000,124,staggered,4595,71,4.71,0.00471,maritime_radar
1335,40,constant,1083,43,2.12,0.00159,air_traffic_control
1008,11,jittered,9487,10,1.37,0.00136,tracking_radar
1372,178,jittered,5709,61,5.23,0.00381,maritime_radar
5289,207,constant,2681,137,8.99,0.0017,weather_radar
862,74,constant,851,39,2.67,0.00309,air_traffic_control
1784,85,constant,3216,43,6.2,0.00348,search_radar
1098,46,constant,911,47,2.22,0.00202,air_traffic_control
3617,116,constant,3500,133,6.0,0.00166,weather_radar
409,6,constant,9136,29,1.25,0.00307,tracking_radar
1552,141,jittered,4702,77,5.31,0.00342,maritime_radar
501,6,constant,8995,29,0.98,0.00195,tracking_radar
857,46,jittered,1401,46,3.55,0.00414,air_traffic_control
3416,100,jittered,3312,112,7.78,0.00228,weather_radar
479,17,jittered,8563,29,0.98,0.00205,fire_control_radar
1582,158,staggered,3071,64,4.94,0.00312,search_radar
690,10,jittered,8961,30,1.52,0.0022,tracking_radar
445,20,staggered,9656,35,1.33,0.00299,fire_control_radar
1080,82,jittered,982,56,3.23,0.00299,air_traffic_control
455,13,jittered,9527,40,1.19,0.00262,fire_control_radar
1015,104,constant,881,29,3.48,0.00342,air_traffic_control
278,14,jittered,9373,25,1.15,0.00413,fire_control_radar
4660,330,jittered,3500,78,7.92,0.0017,weather_radar
1849,159,staggered,2500,78,5.99,0.00324,search_radar
1024,40,jittered,1127,38,3.25,0.00318,air_traffic_control
1626,179,staggered,5534,64,3.79,0.00233,maritime_radar
1695,200,staggered,2571,67,7.5,0.00442,search_radar
339,22,jittered,9627,31,0.95,0.00281,fire_control_radar
812,13,staggered,8834,10,1.08,0.00133,tracking_radar
1636,167,staggered,2671,56,5.65,0.00345,search_radar
1489,144,staggered,4995,85,3.78,0.00254,maritime_radar
1091,140,constant,4729,75,4.25,0.0039,maritime_radar
1109,180,jittered,4085,75,4.38,0.00395,maritime_radar
1481,64,constant,1155,46,2.84,0.00192,air_traffic_control
1671,94,staggered,4162,61,4.43,0.00265,maritime_radar
